Workbook

Sheet DuLieu_DoanhThu
A1: STT | B1: Mã khách hàng (CMS) | C1: Mã hợp đồng | D1: Mã bưu cục (*) | E1: Sản phẩm dịch vụ (*) | F1: Ngày chấp nhận (*) | G1: Sản lượng (*) | H1: Khối lượng thực | I1: Khối lượng tính cước | J1: Doanh thu chưa VAT (*) | K1: Thuế VAT | L1: Doanh thu gồm VAT | M1: Kiểm tra bưu cục | N1: Kiểm tra sản phẩm
A2: 1 | B2: KH00123 | C2: HD-001 | D2: 472400 | E2: CTN001 | F2: 01/05/2026 | G2: 10 | H2: 150 | I2: 150 | J2: 150000 | K2: 12000 | L2: 162000 | M2: =IF(D2="","",IF(OR(ISNUMBER(MATCH(D2,Ref_BuuCuc!$A$2:$A$10000,0)),ISNUMBER(MATCH(D2&"",Ref_BuuCuc!$A$2:$A$10000,0)),IFERROR(ISNUMBER(MATCH(VALUE(D2),Ref_BuuCuc!$A$2:$A$10000,0)),FALSE)),"OK","Sai mã bưu cục")) | N2: =IF(E2="","",IF(OR(ISNUMBER(MATCH(E2,Ref_DichVu!$A$2:$A$2000,0)),ISNUMBER(MATCH(E2&"",Ref_DichVu!$A$2:$A$2000,0))),"OK","Sai mã sản phẩm"))
M3: =IF(D3="","",IF(OR(ISNUMBER(MATCH(D3,Ref_BuuCuc!$A$2:$A$10000,0)),ISNUMBER(MATCH(D3&"",Ref_BuuCuc!$A$2:$A$10000,0)),IFERROR(ISNUMBER(MATCH(VALUE(D3),Ref_BuuCuc!$A$2:$A$10000,0)),FALSE)),"OK","Sai mã bưu cục")) | N3: =IF(E3="","",IF(OR(ISNUMBER(MATCH(E3,Ref_DichVu!$A$2:$A$2000,0)),ISNUMBER(MATCH(E3&"",Ref_DichVu!$A$2:$A$2000,0))),"OK","Sai mã sản phẩm"))
M4: =IF(D4="","",IF(OR(ISNUMBER(MATCH(D4,Ref_BuuCuc!$A$2:$A$10000,0)),ISNUMBER(MATCH(D4&"",Ref_BuuCuc!$A$2:$A$10000,0)),IFERROR(ISNUMBER(MATCH(VALUE(D4),Ref_BuuCuc!$A$2:$A$10000,0)),FALSE)),"OK","Sai mã bưu cục")) | N4: =IF(E4="","",IF(OR(ISNUMBER(MATCH(E4,Ref_DichVu!$A$2:$A$2000,0)),ISNUMBER(MATCH(E4&"",Ref_DichVu!$A$2:$A$2000,0))),"OK","Sai mã sản phẩm"))
M5: =IF(D5="","",IF(OR(ISNUMBER(MATCH(D5,Ref_BuuCuc!$A$2:$A$10000,0)),ISNUMBER(MATCH(D5&"",Ref_BuuCuc!$A$2:$A$10000,0)),IFERROR(ISNUMBER(MATCH(VALUE(D5),Ref_BuuCuc!$A$2:$A$10000,0)),FALSE)),"OK","Sai mã bưu cục")) | N5: =IF(E5="","",IF(OR(ISNUMBER(MATCH(E5,Ref_DichVu!$A$2:$A$2000,0)),ISNUMBER(MATCH(E5&"",Ref_DichVu!$A$2:$A$2000,0))),"OK","Sai mã sản phẩm"))
M6: =IF(D6="","",IF(OR(ISNUMBER(MATCH(D6,Ref_BuuCuc!$A$2:$A$10000,0)),ISNUMBER(MATCH(D6&"",Ref_BuuCuc!$A$2:$A$10000,0)),IFERROR(ISNUMBER(MATCH(VALUE(D6),Ref_BuuCuc!$A$2:$A$10000,0)),FALSE)),"OK","Sai mã bưu cục")) | N6: =IF(E6="","",IF(OR(ISNUMBER(MATCH(E6,Ref_DichVu!$A$2:$A$2000,0)),ISNUMBER(MATCH(E6&"",Ref_DichVu!$A$2:$A$2000,0))),"OK","Sai mã sản phẩm"))
M7: =IF(D7="","",IF(OR(ISNUMBER(MATCH(D7,Ref_BuuCuc!$A$2:$A$10000,0)),ISNUMBER(MATCH(D7&"",Ref_BuuCuc!$A$2:$A$10000,0)),IFERROR(ISNUMBER(MATCH(VALUE(D7),Ref_BuuCuc!$A$2:$A$10000,0)),FALSE)),"OK","Sai mã bưu cục")) | N7: =IF(E7="","",IF(OR(ISNUMBER(MATCH(E7,Ref_DichVu!$A$2:$A$2000,0)),ISNUMBER(MATCH(E7&"",Ref_DichVu!$A$2:$A$2000,0))),"OK","Sai mã sản phẩm"))
M8: =IF(D8="","",IF(OR(ISNUMBER(MATCH(D8,Ref_BuuCuc!$A$2:$A$10000,0)),ISNUMBER(MATCH(D8&"",Ref_BuuCuc!$A$2:$A$10000,0)),IFERROR(ISNUMBER(MATCH(VALUE(D8),Ref_BuuCuc!$A$2:$A$10000,0)),FALSE)),"OK","Sai mã bưu cục")) | N8: =IF(E8="","",IF(OR(ISNUMBER(MATCH(E8,Ref_DichVu!$A$2:$A$2000,0)),ISNUMBER(MATCH(E8&"",Ref_DichVu!$A$2:$A$2000,0))),"OK","Sai mã sản phẩm"))
M9: =IF(D9="","",IF(OR(ISNUMBER(MATCH(D9,Ref_BuuCuc!$A$2:$A$10000,0)),ISNUMBER(MATCH(D9&"",Ref_BuuCuc!$A$2:$A$10000,0)),IFERROR(ISNUMBER(MATCH(VALUE(D9),Ref_BuuCuc!$A$2:$A$10000,0)),FALSE)),"OK","Sai mã bưu cục")) | N9: =IF(E9="","",IF(OR(ISNUMBER(MATCH(E9,Ref_DichVu!$A$2:$A$2000,0)),ISNUMBER(MATCH(E9&"",Ref_DichVu!$A$2:$A$2000,0))),"OK","Sai mã sản phẩm"))
M10: =IF(D10="","",IF(OR(ISNUMBER(MATCH(D10,Ref_BuuCuc!$A$2:$A$10000,0)),ISNUMBER(MATCH(D10&"",Ref_BuuCuc!$A$2:$A$10000,0)),IFERROR(ISNUMBER(MATCH(VALUE(D10),Ref_BuuCuc!$A$2:$A$10000,0)),FALSE)),"OK","Sai mã bưu cục")) | N10: =IF(E10="","",IF(OR(ISNUMBER(MATCH(E10,Ref_DichVu!$A$2:$A$2000,0)),ISNUMBER(MATCH(E10&"",Ref_DichVu!$A$2:$A$2000,0))),"OK","Sai mã sản phẩm"))
M11: =IF(D11="","",IF(OR(ISNUMBER(MATCH(D11,Ref_BuuCuc!$A$2:$A$10000,0)),ISNUMBER(MATCH(D11&"",Ref_BuuCuc!$A$2:$A$10000,0)),IFERROR(ISNUMBER(MATCH(VALUE(D11),Ref_BuuCuc!$A$2:$A$10000,0)),FALSE)),"OK","Sai mã bưu cục")) | N11: =IF(E11="","",IF(OR(ISNUMBER(MATCH(E11,Ref_DichVu!$A$2:$A$2000,0)),ISNUMBER(MATCH(E11&"",Ref_DichVu!$A$2:$A$2000,0))),"OK","Sai mã sản phẩm"))
M12: =IF(D12="","",IF(OR(ISNUMBER(MATCH(D12,Ref_BuuCuc!$A$2:$A$10000,0)),ISNUMBER(MATCH(D12&"",Ref_BuuCuc!$A$2:$A$10000,0)),IFERROR(ISNUMBER(MATCH(VALUE(D12),Ref_BuuCuc!$A$2:$A$10000,0)),FALSE)),"OK","Sai mã bưu cục")) | N12: =IF(E12="","",IF(OR(ISNUMBER(MATCH(E12,Ref_DichVu!$A$2:$A$2000,0)),ISNUMBER(MATCH(E12&"",Ref_DichVu!$A$2:$A$2000,0))),"OK","Sai mã sản phẩm"))
M13: =IF(D13="","",IF(OR(ISNUMBER(MATCH(D13,Ref_BuuCuc!$A$2:$A$10000,0)),ISNUMBER(MATCH(D13&"",Ref_BuuCuc!$A$2:$A$10000,0)),IFERROR(ISNUMBER(MATCH(VALUE(D13),Ref_BuuCuc!$A$2:$A$10000,0)),FALSE)),"OK","Sai mã bưu cục")) | N13: =IF(E13="","",IF(OR(ISNUMBER(MATCH(E13,Ref_DichVu!$A$2:$A$2000,0)),ISNUMBER(MATCH(E13&"",Ref_DichVu!$A$2:$A$2000,0))),"OK","Sai mã sản phẩm"))
M14: =IF(D14="","",IF(OR(ISNUMBER(MATCH(D14,Ref_BuuCuc!$A$2:$A$10000,0)),ISNUMBER(MATCH(D14&"",Ref_BuuCuc!$A$2:$A$10000,0)),IFERROR(ISNUMBER(MATCH(VALUE(D14),Ref_BuuCuc!$A$2:$A$10000,0)),FALSE)),"OK","Sai mã bưu cục")) | N14: =IF(E14="","",IF(OR(ISNUMBER(MATCH(E14,Ref_DichVu!$A$2:$A$2000,0)),ISNUMBER(MATCH(E14&"",Ref_DichVu!$A$2:$A$2000,0))),"OK","Sai mã sản phẩm"))
... M10000: =IF(D10000="","",IF(OR(ISNUMBER(MATCH(D10000,Ref_BuuCuc!$A$2:$A$10000,0)),ISNUMBER(MATCH(D10000&"",Ref_BuuCuc!$A$2:$A$10000,0)),IFERROR(ISNUMBER(MATCH(VALUE(D10000),Ref_BuuCuc!$A$2:$A$10000,0)),FALSE)),"OK","Sai mã bưu cục")) | N10000: =IF(E10000="","",IF(OR(ISNUMBER(MATCH(E10000,Ref_DichVu!$A$2:$A$2000,0)),ISNUMBER(MATCH(E10000&"",Ref_DichVu!$A$2:$A$2000,0))),"OK","Sai mã sản phẩm"))

Sheet HuongDan
A1: CỘT DỮ LIỆU | B1: HƯỚNG DẪN ĐIỀN
A2: Mã khách hàng (CMS) | B2: Mã khách hàng trên hệ thống CMS. Nếu khách lẻ, để trống hoặc ghi VANGLAI.
A3: Mã hợp đồng | B3: Mã hợp đồng của khách hàng (nếu có).
A4: Mã bưu cục (*) | B4: BẮT BUỘC. Mã bưu cục 6 số (VD: 472400).
A5: Sản phẩm dịch vụ (*) | B5: BẮT BUỘC. Mã hoặc tên dịch vụ (VD: CTN001, Chuyển phát nhanh...).
A6: Ngày chấp nhận (*) | B6: BẮT BUỘC. Định dạng dd/mm/yyyy (VD: 01/05/2026).
A7: Sản lượng (*) | B7: BẮT BUỘC. Số lượng bưu gửi. Dữ liệu kiểu Số.
A8: Doanh thu chưa VAT (*) | B8: BẮT BUỘC. Đây là cước thanh toán tổng (Doanh thu tính KPI). Dữ liệu kiểu Số.
A9: Các cột còn lại | B9: Điền số tương ứng. Nếu không có thì để 0 hoặc trống.

Sheet Ref_BuuCuc
A1: Mã bưu cục | B1: Tên bưu cục
A2: 4600 | B2: Đại diện Bưu điện xã Diễn Châu
A3: 4601 | B3: Đại diện Bưu điện xã Minh Châu
A4: 4602 | B4: Đại diện Bưu điện xã Nghĩa Đàn
A5: 4603 | B5: Đại diện Bưu điện xã Nghĩa Thọ
A6: 4604 | B6: Đại diện Bưu điện xã Nghĩa Lâm
A7: 4605 | B7: Đại diện Bưu điện xã Nghĩa Mai
A8: 4606 | B8: Đại diện Bưu điện xã Nghĩa Hưng
A9: 4607 | B9: Đại diện Bưu điện xã Nghĩa Khánh
A10: 4608 | B10: Đại diện Bưu điện xã Nghĩa Lộc
A11: 4610 | B11: Đại diện BCVH Vinh
A12: 4612 | B12: Đại diện Bưu điện xã Trung Lộc
... A781: CUM_THANHCHUONG | B781: Đại diện Cụm Thanh Chương

Sheet Ref_DichVu
A1: Mã dịch vụ | B1: Tên dịch vụ | C1: Nhóm dịch vụ
A2: CQT002 | B2: Bưu kiện thủy bộ | C2: Quốc tế
A3: CQT003 | B3: Bưu kiện máy bay | C3: Quốc tế
A4: CQT004 | B4: Bưu kiện chuyên tuyến | C4: Quốc tế
A5: CQT007 | B5: Bưu kiện bay - Gói Đồng | C5: Quốc tế
A6: CQT008 | B6: Bưu kiện máy bay - Gói Bạc | C6: Quốc tế
A7: CQT009 | B7: Bưu kiện máy bay - Gói Vàng | C7: Quốc tế
A8: CQT010 | B8: Bưu kiện máy bay - Gói Kim Cương | C8: Quốc tế
A9: CTN001 | B9: Chuyển phát tiêu chuẩn | C9: Truyền thống
A10: CTN007 | B10: Chuyển phát Tiêu chuẩn Thương mại điện tử | C10: TMĐT
A11: CTN008 | B11: Tiêu chuẩn sàn Thương mại điện tử | C11: TMĐT
A12: CTN009 | B12: Chuyển phát Tiêu chuẩn TMĐT đồng giá - gói Cơ bản | C12: TMĐT
... A103: TK_TT | B103: Tiết kiệm truyền thống | C103: Tiết kiệm & Tín dụng
