Workbook

Sheet DuLieu
A1: STT | B1: Mã bưu cục | C1: Mã dịch vụ | D1: Sản lượng | E1: Doanh thu | F1: Từ Ngày | G1: Từ Tháng | H1: Từ Năm | I1: Đến Ngày | J1: Đến Tháng | K1: Đến Năm | L1: Kiểm tra bưu cục | M1: Kiểm tra dịch vụ
A2: 1 | B2: 461250 | C2: CT_LH | D2: 50 | E2: 1500000 | F2: 1 | G2: 9 | H2: 2025 | I2: 30 | J2: 9 | K2: 2025 | L2: =IF(B2="","",IF(OR(ISNUMBER(MATCH(B2,Ref_BuuCuc!$A$2:$A$10000,0)),ISNUMBER(MATCH(B2&"",Ref_BuuCuc!$A$2:$A$10000,0)),IFERROR(ISNUMBER(MATCH(VALUE(B2),Ref_BuuCuc!$A$2:$A$10000,0)),FALSE)),"OK","Sai mã bưu cục")) -> OK | M2: =IF(C2="","",IF(OR(ISNUMBER(MATCH(C2,Ref_DichVu!$A$2:$A$2000,0)),ISNUMBER(MATCH(C2&"",Ref_DichVu!$A$2:$A$2000,0))),"OK","Sai mã dịch vụ")) -> OK
A3: 2 | B3: 461541 | C3: TK_TT | D3: 100 | E3: 3000000 | F3: 1 | G3: 9 | H3: 2025 | I3: 30 | J3: 9 | K3: 2025 | L3: =IF(B3="","",IF(OR(ISNUMBER(MATCH(B3,Ref_BuuCuc!$A$2:$A$10000,0)),ISNUMBER(MATCH(B3&"",Ref_BuuCuc!$A$2:$A$10000,0)),IFERROR(ISNUMBER(MATCH(VALUE(B3),Ref_BuuCuc!$A$2:$A$10000,0)),FALSE)),"OK","Sai mã bưu cục")) -> OK | M3: =IF(C3="","",IF(OR(ISNUMBER(MATCH(C3,Ref_DichVu!$A$2:$A$2000,0)),ISNUMBER(MATCH(C3&"",Ref_DichVu!$A$2:$A$2000,0))),"OK","Sai mã dịch vụ")) -> OK
L4: =IF(B4="","",IF(OR(ISNUMBER(MATCH(B4,Ref_BuuCuc!$A$2:$A$10000,0)),ISNUMBER(MATCH(B4&"",Ref_BuuCuc!$A$2:$A$10000,0)),IFERROR(ISNUMBER(MATCH(VALUE(B4),Ref_BuuCuc!$A$2:$A$10000,0)),FALSE)),"OK","Sai mã bưu cục")) | M4: =IF(C4="","",IF(OR(ISNUMBER(MATCH(C4,Ref_DichVu!$A$2:$A$2000,0)),ISNUMBER(MATCH(C4&"",Ref_DichVu!$A$2:$A$2000,0))),"OK","Sai mã dịch vụ"))
L5: =IF(B5="","",IF(OR(ISNUMBER(MATCH(B5,Ref_BuuCuc!$A$2:$A$10000,0)),ISNUMBER(MATCH(B5&"",Ref_BuuCuc!$A$2:$A$10000,0)),IFERROR(ISNUMBER(MATCH(VALUE(B5),Ref_BuuCuc!$A$2:$A$10000,0)),FALSE)),"OK","Sai mã bưu cục")) | M5: =IF(C5="","",IF(OR(ISNUMBER(MATCH(C5,Ref_DichVu!$A$2:$A$2000,0)),ISNUMBER(MATCH(C5&"",Ref_DichVu!$A$2:$A$2000,0))),"OK","Sai mã dịch vụ"))
L6: =IF(B6="","",IF(OR(ISNUMBER(MATCH(B6,Ref_BuuCuc!$A$2:$A$10000,0)),ISNUMBER(MATCH(B6&"",Ref_BuuCuc!$A$2:$A$10000,0)),IFERROR(ISNUMBER(MATCH(VALUE(B6),Ref_BuuCuc!$A$2:$A$10000,0)),FALSE)),"OK","Sai mã bưu cục")) | M6: =IF(C6="","",IF(OR(ISNUMBER(MATCH(C6,Ref_DichVu!$A$2:$A$2000,0)),ISNUMBER(MATCH(C6&"",Ref_DichVu!$A$2:$A$2000,0))),"OK","Sai mã dịch vụ"))
L7: =IF(B7="","",IF(OR(ISNUMBER(MATCH(B7,Ref_BuuCuc!$A$2:$A$10000,0)),ISNUMBER(MATCH(B7&"",Ref_BuuCuc!$A$2:$A$10000,0)),IFERROR(ISNUMBER(MATCH(VALUE(B7),Ref_BuuCuc!$A$2:$A$10000,0)),FALSE)),"OK","Sai mã bưu cục")) | M7: =IF(C7="","",IF(OR(ISNUMBER(MATCH(C7,Ref_DichVu!$A$2:$A$2000,0)),ISNUMBER(MATCH(C7&"",Ref_DichVu!$A$2:$A$2000,0))),"OK","Sai mã dịch vụ"))
L8: =IF(B8="","",IF(OR(ISNUMBER(MATCH(B8,Ref_BuuCuc!$A$2:$A$10000,0)),ISNUMBER(MATCH(B8&"",Ref_BuuCuc!$A$2:$A$10000,0)),IFERROR(ISNUMBER(MATCH(VALUE(B8),Ref_BuuCuc!$A$2:$A$10000,0)),FALSE)),"OK","Sai mã bưu cục")) | M8: =IF(C8="","",IF(OR(ISNUMBER(MATCH(C8,Ref_DichVu!$A$2:$A$2000,0)),ISNUMBER(MATCH(C8&"",Ref_DichVu!$A$2:$A$2000,0))),"OK","Sai mã dịch vụ"))
L9: =IF(B9="","",IF(OR(ISNUMBER(MATCH(B9,Ref_BuuCuc!$A$2:$A$10000,0)),ISNUMBER(MATCH(B9&"",Ref_BuuCuc!$A$2:$A$10000,0)),IFERROR(ISNUMBER(MATCH(VALUE(B9),Ref_BuuCuc!$A$2:$A$10000,0)),FALSE)),"OK","Sai mã bưu cục")) | M9: =IF(C9="","",IF(OR(ISNUMBER(MATCH(C9,Ref_DichVu!$A$2:$A$2000,0)),ISNUMBER(MATCH(C9&"",Ref_DichVu!$A$2:$A$2000,0))),"OK","Sai mã dịch vụ"))
L10: =IF(B10="","",IF(OR(ISNUMBER(MATCH(B10,Ref_BuuCuc!$A$2:$A$10000,0)),ISNUMBER(MATCH(B10&"",Ref_BuuCuc!$A$2:$A$10000,0)),IFERROR(ISNUMBER(MATCH(VALUE(B10),Ref_BuuCuc!$A$2:$A$10000,0)),FALSE)),"OK","Sai mã bưu cục")) | M10: =IF(C10="","",IF(OR(ISNUMBER(MATCH(C10,Ref_DichVu!$A$2:$A$2000,0)),ISNUMBER(MATCH(C10&"",Ref_DichVu!$A$2:$A$2000,0))),"OK","Sai mã dịch vụ"))
L11: =IF(B11="","",IF(OR(ISNUMBER(MATCH(B11,Ref_BuuCuc!$A$2:$A$10000,0)),ISNUMBER(MATCH(B11&"",Ref_BuuCuc!$A$2:$A$10000,0)),IFERROR(ISNUMBER(MATCH(VALUE(B11),Ref_BuuCuc!$A$2:$A$10000,0)),FALSE)),"OK","Sai mã bưu cục")) | M11: =IF(C11="","",IF(OR(ISNUMBER(MATCH(C11,Ref_DichVu!$A$2:$A$2000,0)),ISNUMBER(MATCH(C11&"",Ref_DichVu!$A$2:$A$2000,0))),"OK","Sai mã dịch vụ"))
L12: =IF(B12="","",IF(OR(ISNUMBER(MATCH(B12,Ref_BuuCuc!$A$2:$A$10000,0)),ISNUMBER(MATCH(B12&"",Ref_BuuCuc!$A$2:$A$10000,0)),IFERROR(ISNUMBER(MATCH(VALUE(B12),Ref_BuuCuc!$A$2:$A$10000,0)),FALSE)),"OK","Sai mã bưu cục")) | M12: =IF(C12="","",IF(OR(ISNUMBER(MATCH(C12,Ref_DichVu!$A$2:$A$2000,0)),ISNUMBER(MATCH(C12&"",Ref_DichVu!$A$2:$A$2000,0))),"OK","Sai mã dịch vụ"))
L13: =IF(B13="","",IF(OR(ISNUMBER(MATCH(B13,Ref_BuuCuc!$A$2:$A$10000,0)),ISNUMBER(MATCH(B13&"",Ref_BuuCuc!$A$2:$A$10000,0)),IFERROR(ISNUMBER(MATCH(VALUE(B13),Ref_BuuCuc!$A$2:$A$10000,0)),FALSE)),"OK","Sai mã bưu cục")) | M13: =IF(C13="","",IF(OR(ISNUMBER(MATCH(C13,Ref_DichVu!$A$2:$A$2000,0)),ISNUMBER(MATCH(C13&"",Ref_DichVu!$A$2:$A$2000,0))),"OK","Sai mã dịch vụ"))
L14: =IF(B14="","",IF(OR(ISNUMBER(MATCH(B14,Ref_BuuCuc!$A$2:$A$10000,0)),ISNUMBER(MATCH(B14&"",Ref_BuuCuc!$A$2:$A$10000,0)),IFERROR(ISNUMBER(MATCH(VALUE(B14),Ref_BuuCuc!$A$2:$A$10000,0)),FALSE)),"OK","Sai mã bưu cục")) | M14: =IF(C14="","",IF(OR(ISNUMBER(MATCH(C14,Ref_DichVu!$A$2:$A$2000,0)),ISNUMBER(MATCH(C14&"",Ref_DichVu!$A$2:$A$2000,0))),"OK","Sai mã dịch vụ"))
L15: =IF(B15="","",IF(OR(ISNUMBER(MATCH(B15,Ref_BuuCuc!$A$2:$A$10000,0)),ISNUMBER(MATCH(B15&"",Ref_BuuCuc!$A$2:$A$10000,0)),IFERROR(ISNUMBER(MATCH(VALUE(B15),Ref_BuuCuc!$A$2:$A$10000,0)),FALSE)),"OK","Sai mã bưu cục")) | M15: =IF(C15="","",IF(OR(ISNUMBER(MATCH(C15,Ref_DichVu!$A$2:$A$2000,0)),ISNUMBER(MATCH(C15&"",Ref_DichVu!$A$2:$A$2000,0))),"OK","Sai mã dịch vụ"))
... L5000: =IF(B5000="","",IF(OR(ISNUMBER(MATCH(B5000,Ref_BuuCuc!$A$2:$A$10000,0)),ISNUMBER(MATCH(B5000&"",Ref_BuuCuc!$A$2:$A$10000,0)),IFERROR(ISNUMBER(MATCH(VALUE(B5000),Ref_BuuCuc!$A$2:$A$10000,0)),FALSE)),"OK","Sai mã bưu cục")) | M5000: =IF(C5000="","",IF(OR(ISNUMBER(MATCH(C5000,Ref_DichVu!$A$2:$A$2000,0)),ISNUMBER(MATCH(C5000&"",Ref_DichVu!$A$2:$A$2000,0))),"OK","Sai mã dịch vụ"))

Sheet HuongDan
A1: Hướng dẫn nhập liệu file Dịch vụ khác
A3: Cột | B3: Hướng dẫn chi tiết
A4: STT | B4: Số thứ tự các dòng dữ liệu (1, 2, 3...)
A5: Mã bưu cục | B5: Mã bưu cục phát sinh doanh thu (Vd: 550000). Yêu cầu nhập chính xác mã.
A6: Mã dịch vụ | B6: Mã dịch vụ viết tắt (Vd: CT_LH, TK_TT, B2B...). Tra cứu mã dịch vụ chính xác tại file ma_tham_chieu.xlsx, sheet 'Nhóm dịch vụ', cột 'Mã dịch vụ (Dùng nạp file)'.
A7: Sản lượng | B7: Tổng sản lượng trong khoảng thời gian. Nhập số nguyên.
A8: Doanh thu | B8: Tổng doanh thu trong khoảng thời gian. Nhập số, không chứa dấu phẩy (Vd: 15000000).
A9: Từ Ngày | B9: Ngày bắt đầu tính doanh thu (1-31).
A10: Từ Tháng | B10: Tháng bắt đầu tính doanh thu (1-12).
A11: Từ Năm | B11: Năm bắt đầu (Vd: 2025).
A12: Đến Ngày | B12: Ngày kết thúc tính doanh thu (1-31).
A13: Đến Tháng | B13: Tháng kết thúc tính doanh thu (1-12).
A14: Đến Năm | B14: Năm kết thúc (Vd: 2025).
A16: LƯU Ý QUAN TRỌNG: | B16: Hệ thống sẽ tự động lấy Khoảng thời gian (Từ ngày -> Đến ngày) để chia ngược và phân bổ doanh thu/sản lượng trung bình cho mỗi ngày trong khoảng thời gian đó. Vui lòng nhập chính xác khoảng thời gian để số liệu được chia đúng trên biểu đồ ngày.

Sheet Ref_BuuCuc
A1: Mã bưu cục | B1: Tên bưu cục
A2: 4600 | B2: Đại diện Bưu điện xã Diễn Châu
A3: 4601 | B3: Đại diện Bưu điện xã Minh Châu
A4: 4602 | B4: Đại diện Bưu điện xã Nghĩa Đàn
A5: 4603 | B5: Đại diện Bưu điện xã Nghĩa Thọ
A6: 4604 | B6: Đại diện Bưu điện xã Nghĩa Lâm
A7: 4605 | B7: Đại diện Bưu điện xã Nghĩa Mai
A8: 4606 | B8: Đại diện Bưu điện xã Nghĩa Hưng
A9: 4607 | B9: Đại diện Bưu điện xã Nghĩa Khánh
A10: 4608 | B10: Đại diện Bưu điện xã Nghĩa Lộc
A11: 4610 | B11: Đại diện BCVH Vinh
A12: 4612 | B12: Đại diện Bưu điện xã Trung Lộc
... A778: CUM_THANHCHUONG | B778: Đại diện Cụm Thanh Chương

Sheet Ref_DichVu
A1: Mã dịch vụ | B1: Tên dịch vụ | C1: Nhóm dịch vụ
A2: CQT002 | B2: Bưu kiện thủy bộ | C2: Quốc tế
A3: CQT003 | B3: Bưu kiện máy bay | C3: Quốc tế
A4: CQT004 | B4: Bưu kiện chuyên tuyến | C4: Quốc tế
A5: CQT007 | B5: Bưu kiện bay - Gói Đồng | C5: Quốc tế
A6: CQT008 | B6: Bưu kiện máy bay - Gói Bạc | C6: Quốc tế
A7: CQT009 | B7: Bưu kiện máy bay - Gói Vàng | C7: Quốc tế
A8: CQT010 | B8: Bưu kiện máy bay - Gói Kim Cương | C8: Quốc tế
A9: CTN001 | B9: Chuyển phát tiêu chuẩn | C9: Truyền thống
A10: CTN007 | B10: Chuyển phát Tiêu chuẩn Thương mại điện tử | C10: TMĐT
A11: CTN008 | B11: Tiêu chuẩn sàn Thương mại điện tử | C11: TMĐT
A12: CTN009 | B12: Chuyển phát Tiêu chuẩn TMĐT đồng giá - gói Cơ bản | C12: TMĐT
... A103: TK_TT | B103: Tiết kiệm truyền thống | C103: Tiết kiệm & Tín dụng
