Workbook

Sheet DuLieu_KeHoach
A1: Năm (*) | B1: Nhóm Chính | C1: Nhóm DV | D1: Mã Đơn Vị (*) | E1: Kế Hoạch Doanh Thu | F1: Kiểm tra đơn vị | G1: Kiểm tra nhóm
A2: 2026 | B2: HCC | C2: Hành chính công | D2: 4670 | E2: 1.8607614e+08 | F2: =IF(D2="","",IF(OR(ISNUMBER(MATCH(D2,Ref_BuuCuc!$A$2:$A$10000,0)),ISNUMBER(MATCH(D2&"",Ref_BuuCuc!$A$2:$A$10000,0)),IFERROR(ISNUMBER(MATCH(VALUE(D2),Ref_BuuCuc!$A$2:$A$10000,0)),FALSE)),"OK","Sai mã đơn vị")) | G2: =IF(B2="","",IF(OR(ISNUMBER(MATCH(B2,Ref_NhomChinh!$A$2:$A$100,0)),ISNUMBER(MATCH(B2&"",Ref_NhomChinh!$A$2:$A$100,0))),"OK","Sai nhóm chính"))
A3: 2026 | B3: HCC | C3: Chi trả | D3: 4673 | E3: 24000000 | F3: =IF(D3="","",IF(OR(ISNUMBER(MATCH(D3,Ref_BuuCuc!$A$2:$A$10000,0)),ISNUMBER(MATCH(D3&"",Ref_BuuCuc!$A$2:$A$10000,0)),IFERROR(ISNUMBER(MATCH(VALUE(D3),Ref_BuuCuc!$A$2:$A$10000,0)),FALSE)),"OK","Sai mã đơn vị")) | G3: =IF(B3="","",IF(OR(ISNUMBER(MATCH(B3,Ref_NhomChinh!$A$2:$A$100,0)),ISNUMBER(MATCH(B3&"",Ref_NhomChinh!$A$2:$A$100,0))),"OK","Sai nhóm chính"))
A4: 2026 | B4: HCC | C4: Thu hộ | D4: 4672 | E4: 36000000 | F4: =IF(D4="","",IF(OR(ISNUMBER(MATCH(D4,Ref_BuuCuc!$A$2:$A$10000,0)),ISNUMBER(MATCH(D4&"",Ref_BuuCuc!$A$2:$A$10000,0)),IFERROR(ISNUMBER(MATCH(VALUE(D4),Ref_BuuCuc!$A$2:$A$10000,0)),FALSE)),"OK","Sai mã đơn vị")) | G4: =IF(B4="","",IF(OR(ISNUMBER(MATCH(B4,Ref_NhomChinh!$A$2:$A$100,0)),ISNUMBER(MATCH(B4&"",Ref_NhomChinh!$A$2:$A$100,0))),"OK","Sai nhóm chính"))
A5: 2026 | B5: TCBC | C5: Tiết kiệm & Tín dụng | D5: 467500 | E5: 120000000 | F5: =IF(D5="","",IF(OR(ISNUMBER(MATCH(D5,Ref_BuuCuc!$A$2:$A$10000,0)),ISNUMBER(MATCH(D5&"",Ref_BuuCuc!$A$2:$A$10000,0)),IFERROR(ISNUMBER(MATCH(VALUE(D5),Ref_BuuCuc!$A$2:$A$10000,0)),FALSE)),"OK","Sai mã đơn vị")) | G5: =IF(B5="","",IF(OR(ISNUMBER(MATCH(B5,Ref_NhomChinh!$A$2:$A$100,0)),ISNUMBER(MATCH(B5&"",Ref_NhomChinh!$A$2:$A$100,0))),"OK","Sai nhóm chính"))
A6: 2026 | B6: TCBC | C6: Bảo hiểm | D6: 474100 | E6: 48000000 | F6: =IF(D6="","",IF(OR(ISNUMBER(MATCH(D6,Ref_BuuCuc!$A$2:$A$10000,0)),ISNUMBER(MATCH(D6&"",Ref_BuuCuc!$A$2:$A$10000,0)),IFERROR(ISNUMBER(MATCH(VALUE(D6),Ref_BuuCuc!$A$2:$A$10000,0)),FALSE)),"OK","Sai mã đơn vị")) | G6: =IF(B6="","",IF(OR(ISNUMBER(MATCH(B6,Ref_NhomChinh!$A$2:$A$100,0)),ISNUMBER(MATCH(B6&"",Ref_NhomChinh!$A$2:$A$100,0))),"OK","Sai nhóm chính"))
A7: 2026 | B7: PPBL | C7: Hàng tiêu dùng | D7: 467100 | E7: 96000000 | F7: =IF(D7="","",IF(OR(ISNUMBER(MATCH(D7,Ref_BuuCuc!$A$2:$A$10000,0)),ISNUMBER(MATCH(D7&"",Ref_BuuCuc!$A$2:$A$10000,0)),IFERROR(ISNUMBER(MATCH(VALUE(D7),Ref_BuuCuc!$A$2:$A$10000,0)),FALSE)),"OK","Sai mã đơn vị")) | G7: =IF(B7="","",IF(OR(ISNUMBER(MATCH(B7,Ref_NhomChinh!$A$2:$A$100,0)),ISNUMBER(MATCH(B7&"",Ref_NhomChinh!$A$2:$A$100,0))),"OK","Sai nhóm chính"))
A8: 2026 | B8: PPBL | C8: Truyền thông - Phân phối | D8: 467600 | E8: 60000000 | F8: =IF(D8="","",IF(OR(ISNUMBER(MATCH(D8,Ref_BuuCuc!$A$2:$A$10000,0)),ISNUMBER(MATCH(D8&"",Ref_BuuCuc!$A$2:$A$10000,0)),IFERROR(ISNUMBER(MATCH(VALUE(D8),Ref_BuuCuc!$A$2:$A$10000,0)),FALSE)),"OK","Sai mã đơn vị")) | G8: =IF(B8="","",IF(OR(ISNUMBER(MATCH(B8,Ref_NhomChinh!$A$2:$A$100,0)),ISNUMBER(MATCH(B8&"",Ref_NhomChinh!$A$2:$A$100,0))),"OK","Sai nhóm chính"))
A9: 2026 | B9: BCCP | C9: TMĐT | D9: 468000 | E9: 300000000 | F9: =IF(D9="","",IF(OR(ISNUMBER(MATCH(D9,Ref_BuuCuc!$A$2:$A$10000,0)),ISNUMBER(MATCH(D9&"",Ref_BuuCuc!$A$2:$A$10000,0)),IFERROR(ISNUMBER(MATCH(VALUE(D9),Ref_BuuCuc!$A$2:$A$10000,0)),FALSE)),"OK","Sai mã đơn vị")) | G9: =IF(B9="","",IF(OR(ISNUMBER(MATCH(B9,Ref_NhomChinh!$A$2:$A$100,0)),ISNUMBER(MATCH(B9&"",Ref_NhomChinh!$A$2:$A$100,0))),"OK","Sai nhóm chính"))
A10: 2026 | B10: HCC | C10: Chuyển phát HCC | D10: 4654 | E10: 24000000 | F10: =IF(D10="","",IF(OR(ISNUMBER(MATCH(D10,Ref_BuuCuc!$A$2:$A$10000,0)),ISNUMBER(MATCH(D10&"",Ref_BuuCuc!$A$2:$A$10000,0)),IFERROR(ISNUMBER(MATCH(VALUE(D10),Ref_BuuCuc!$A$2:$A$10000,0)),FALSE)),"OK","Sai mã đơn vị")) | G10: =IF(B10="","",IF(OR(ISNUMBER(MATCH(B10,Ref_NhomChinh!$A$2:$A$100,0)),ISNUMBER(MATCH(B10&"",Ref_NhomChinh!$A$2:$A$100,0))),"OK","Sai nhóm chính"))
A11: 2026 | B11: HCC | C11: Chuyển phát HCC | D11: 4600 | E11: 1241903252 | F11: =IF(D11="","",IF(OR(ISNUMBER(MATCH(D11,Ref_BuuCuc!$A$2:$A$10000,0)),ISNUMBER(MATCH(D11&"",Ref_BuuCuc!$A$2:$A$10000,0)),IFERROR(ISNUMBER(MATCH(VALUE(D11),Ref_BuuCuc!$A$2:$A$10000,0)),FALSE)),"OK","Sai mã đơn vị")) | G11: =IF(B11="","",IF(OR(ISNUMBER(MATCH(B11,Ref_NhomChinh!$A$2:$A$100,0)),ISNUMBER(MATCH(B11&"",Ref_NhomChinh!$A$2:$A$100,0))),"OK","Sai nhóm chính"))
A12: 2026 | B12: HCC | C12: Chuyển phát HCC | D12: 4650 | E12: 24000000 | F12: =IF(D12="","",IF(OR(ISNUMBER(MATCH(D12,Ref_BuuCuc!$A$2:$A$10000,0)),ISNUMBER(MATCH(D12&"",Ref_BuuCuc!$A$2:$A$10000,0)),IFERROR(ISNUMBER(MATCH(VALUE(D12),Ref_BuuCuc!$A$2:$A$10000,0)),FALSE)),"OK","Sai mã đơn vị")) | G12: =IF(B12="","",IF(OR(ISNUMBER(MATCH(B12,Ref_NhomChinh!$A$2:$A$100,0)),ISNUMBER(MATCH(B12&"",Ref_NhomChinh!$A$2:$A$100,0))),"OK","Sai nhóm chính"))
A13: 2026 | B13: HCC | C13: Chuyển phát HCC | D13: 4652 | E13: 24000000 | F13: =IF(D13="","",IF(OR(ISNUMBER(MATCH(D13,Ref_BuuCuc!$A$2:$A$10000,0)),ISNUMBER(MATCH(D13&"",Ref_BuuCuc!$A$2:$A$10000,0)),IFERROR(ISNUMBER(MATCH(VALUE(D13),Ref_BuuCuc!$A$2:$A$10000,0)),FALSE)),"OK","Sai mã đơn vị")) | G13: =IF(B13="","",IF(OR(ISNUMBER(MATCH(B13,Ref_NhomChinh!$A$2:$A$100,0)),ISNUMBER(MATCH(B13&"",Ref_NhomChinh!$A$2:$A$100,0))),"OK","Sai nhóm chính"))
... A104: 2026 | B104: HCC | C104: Chuyển phát HCC | D104: 4717 | E104: 36000000 | F104: =IF(D104="","",IF(OR(ISNUMBER(MATCH(D104,Ref_BuuCuc!$A$2:$A$10000,0)),ISNUMBER(MATCH(D104&"",Ref_BuuCuc!$A$2:$A$10000,0)),IFERROR(ISNUMBER(MATCH(VALUE(D104),Ref_BuuCuc!$A$2:$A$10000,0)),FALSE)),"OK","Sai mã đơn vị")) | G104: =IF(B104="","",IF(OR(ISNUMBER(MATCH(B104,Ref_NhomChinh!$A$2:$A$100,0)),ISNUMBER(MATCH(B104&"",Ref_NhomChinh!$A$2:$A$100,0))),"OK","Sai nhóm chính"))
F105: =IF(D105="","",IF(OR(ISNUMBER(MATCH(D105,Ref_BuuCuc!$A$2:$A$10000,0)),ISNUMBER(MATCH(D105&"",Ref_BuuCuc!$A$2:$A$10000,0)),IFERROR(ISNUMBER(MATCH(VALUE(D105),Ref_BuuCuc!$A$2:$A$10000,0)),FALSE)),"OK","Sai mã đơn vị")) | G105: =IF(B105="","",IF(OR(ISNUMBER(MATCH(B105,Ref_NhomChinh!$A$2:$A$100,0)),ISNUMBER(MATCH(B105&"",Ref_NhomChinh!$A$2:$A$100,0))),"OK","Sai nhóm chính"))
F106: =IF(D106="","",IF(OR(ISNUMBER(MATCH(D106,Ref_BuuCuc!$A$2:$A$10000,0)),ISNUMBER(MATCH(D106&"",Ref_BuuCuc!$A$2:$A$10000,0)),IFERROR(ISNUMBER(MATCH(VALUE(D106),Ref_BuuCuc!$A$2:$A$10000,0)),FALSE)),"OK","Sai mã đơn vị")) | G106: =IF(B106="","",IF(OR(ISNUMBER(MATCH(B106,Ref_NhomChinh!$A$2:$A$100,0)),ISNUMBER(MATCH(B106&"",Ref_NhomChinh!$A$2:$A$100,0))),"OK","Sai nhóm chính"))
F107: =IF(D107="","",IF(OR(ISNUMBER(MATCH(D107,Ref_BuuCuc!$A$2:$A$10000,0)),ISNUMBER(MATCH(D107&"",Ref_BuuCuc!$A$2:$A$10000,0)),IFERROR(ISNUMBER(MATCH(VALUE(D107),Ref_BuuCuc!$A$2:$A$10000,0)),FALSE)),"OK","Sai mã đơn vị")) | G107: =IF(B107="","",IF(OR(ISNUMBER(MATCH(B107,Ref_NhomChinh!$A$2:$A$100,0)),ISNUMBER(MATCH(B107&"",Ref_NhomChinh!$A$2:$A$100,0))),"OK","Sai nhóm chính"))
F108: =IF(D108="","",IF(OR(ISNUMBER(MATCH(D108,Ref_BuuCuc!$A$2:$A$10000,0)),ISNUMBER(MATCH(D108&"",Ref_BuuCuc!$A$2:$A$10000,0)),IFERROR(ISNUMBER(MATCH(VALUE(D108),Ref_BuuCuc!$A$2:$A$10000,0)),FALSE)),"OK","Sai mã đơn vị")) | G108: =IF(B108="","",IF(OR(ISNUMBER(MATCH(B108,Ref_NhomChinh!$A$2:$A$100,0)),ISNUMBER(MATCH(B108&"",Ref_NhomChinh!$A$2:$A$100,0))),"OK","Sai nhóm chính"))
F109: =IF(D109="","",IF(OR(ISNUMBER(MATCH(D109,Ref_BuuCuc!$A$2:$A$10000,0)),ISNUMBER(MATCH(D109&"",Ref_BuuCuc!$A$2:$A$10000,0)),IFERROR(ISNUMBER(MATCH(VALUE(D109),Ref_BuuCuc!$A$2:$A$10000,0)),FALSE)),"OK","Sai mã đơn vị")) | G109: =IF(B109="","",IF(OR(ISNUMBER(MATCH(B109,Ref_NhomChinh!$A$2:$A$100,0)),ISNUMBER(MATCH(B109&"",Ref_NhomChinh!$A$2:$A$100,0))),"OK","Sai nhóm chính"))
F110: =IF(D110="","",IF(OR(ISNUMBER(MATCH(D110,Ref_BuuCuc!$A$2:$A$10000,0)),ISNUMBER(MATCH(D110&"",Ref_BuuCuc!$A$2:$A$10000,0)),IFERROR(ISNUMBER(MATCH(VALUE(D110),Ref_BuuCuc!$A$2:$A$10000,0)),FALSE)),"OK","Sai mã đơn vị")) | G110: =IF(B110="","",IF(OR(ISNUMBER(MATCH(B110,Ref_NhomChinh!$A$2:$A$100,0)),ISNUMBER(MATCH(B110&"",Ref_NhomChinh!$A$2:$A$100,0))),"OK","Sai nhóm chính"))
F111: =IF(D111="","",IF(OR(ISNUMBER(MATCH(D111,Ref_BuuCuc!$A$2:$A$10000,0)),ISNUMBER(MATCH(D111&"",Ref_BuuCuc!$A$2:$A$10000,0)),IFERROR(ISNUMBER(MATCH(VALUE(D111),Ref_BuuCuc!$A$2:$A$10000,0)),FALSE)),"OK","Sai mã đơn vị")) | G111: =IF(B111="","",IF(OR(ISNUMBER(MATCH(B111,Ref_NhomChinh!$A$2:$A$100,0)),ISNUMBER(MATCH(B111&"",Ref_NhomChinh!$A$2:$A$100,0))),"OK","Sai nhóm chính"))
F112: =IF(D112="","",IF(OR(ISNUMBER(MATCH(D112,Ref_BuuCuc!$A$2:$A$10000,0)),ISNUMBER(MATCH(D112&"",Ref_BuuCuc!$A$2:$A$10000,0)),IFERROR(ISNUMBER(MATCH(VALUE(D112),Ref_BuuCuc!$A$2:$A$10000,0)),FALSE)),"OK","Sai mã đơn vị")) | G112: =IF(B112="","",IF(OR(ISNUMBER(MATCH(B112,Ref_NhomChinh!$A$2:$A$100,0)),ISNUMBER(MATCH(B112&"",Ref_NhomChinh!$A$2:$A$100,0))),"OK","Sai nhóm chính"))
F113: =IF(D113="","",IF(OR(ISNUMBER(MATCH(D113,Ref_BuuCuc!$A$2:$A$10000,0)),ISNUMBER(MATCH(D113&"",Ref_BuuCuc!$A$2:$A$10000,0)),IFERROR(ISNUMBER(MATCH(VALUE(D113),Ref_BuuCuc!$A$2:$A$10000,0)),FALSE)),"OK","Sai mã đơn vị")) | G113: =IF(B113="","",IF(OR(ISNUMBER(MATCH(B113,Ref_NhomChinh!$A$2:$A$100,0)),ISNUMBER(MATCH(B113&"",Ref_NhomChinh!$A$2:$A$100,0))),"OK","Sai nhóm chính"))
F114: =IF(D114="","",IF(OR(ISNUMBER(MATCH(D114,Ref_BuuCuc!$A$2:$A$10000,0)),ISNUMBER(MATCH(D114&"",Ref_BuuCuc!$A$2:$A$10000,0)),IFERROR(ISNUMBER(MATCH(VALUE(D114),Ref_BuuCuc!$A$2:$A$10000,0)),FALSE)),"OK","Sai mã đơn vị")) | G114: =IF(B114="","",IF(OR(ISNUMBER(MATCH(B114,Ref_NhomChinh!$A$2:$A$100,0)),ISNUMBER(MATCH(B114&"",Ref_NhomChinh!$A$2:$A$100,0))),"OK","Sai nhóm chính"))
F115: =IF(D115="","",IF(OR(ISNUMBER(MATCH(D115,Ref_BuuCuc!$A$2:$A$10000,0)),ISNUMBER(MATCH(D115&"",Ref_BuuCuc!$A$2:$A$10000,0)),IFERROR(ISNUMBER(MATCH(VALUE(D115),Ref_BuuCuc!$A$2:$A$10000,0)),FALSE)),"OK","Sai mã đơn vị")) | G115: =IF(B115="","",IF(OR(ISNUMBER(MATCH(B115,Ref_NhomChinh!$A$2:$A$100,0)),ISNUMBER(MATCH(B115&"",Ref_NhomChinh!$A$2:$A$100,0))),"OK","Sai nhóm chính"))
F116: =IF(D116="","",IF(OR(ISNUMBER(MATCH(D116,Ref_BuuCuc!$A$2:$A$10000,0)),ISNUMBER(MATCH(D116&"",Ref_BuuCuc!$A$2:$A$10000,0)),IFERROR(ISNUMBER(MATCH(VALUE(D116),Ref_BuuCuc!$A$2:$A$10000,0)),FALSE)),"OK","Sai mã đơn vị")) | G116: =IF(B116="","",IF(OR(ISNUMBER(MATCH(B116,Ref_NhomChinh!$A$2:$A$100,0)),ISNUMBER(MATCH(B116&"",Ref_NhomChinh!$A$2:$A$100,0))),"OK","Sai nhóm chính"))
... F5000: =IF(D5000="","",IF(OR(ISNUMBER(MATCH(D5000,Ref_BuuCuc!$A$2:$A$10000,0)),ISNUMBER(MATCH(D5000&"",Ref_BuuCuc!$A$2:$A$10000,0)),IFERROR(ISNUMBER(MATCH(VALUE(D5000),Ref_BuuCuc!$A$2:$A$10000,0)),FALSE)),"OK","Sai mã đơn vị")) | G5000: =IF(B5000="","",IF(OR(ISNUMBER(MATCH(B5000,Ref_NhomChinh!$A$2:$A$100,0)),ISNUMBER(MATCH(B5000&"",Ref_NhomChinh!$A$2:$A$100,0))),"OK","Sai nhóm chính"))

Sheet HuongDan
A1: CỘT DỮ LIỆU | B1: HƯỚNG DẪN ĐIỀN
A2: Năm (*) | B2: Năm giao kế hoạch (VD: 2026). Dữ liệu kiểu Số.
A3: Nhóm Chính (*) | B3: Chọn 1 trong các nhóm chính: BCCP, HCC, TCBC, PPBL, PHBC.
A4: Nhóm DV | B4: Tên nhóm dịch vụ con (Vd: 'Truyền thông', 'TMĐT' của BCCP; 'Chi trả', 'Thu hộ' của HCC; 'Tiết kiệm & Tín dụng', 'Bảo hiểm' của TCBC; 'Hàng tiêu dùng', 'Truyền thông - Phân phối' của PPBL). Tra cứu tại file ma_tham_chieu.xlsx, sheet 'Nhóm dịch vụ', cột 'Nhóm dịch vụ'.
A5: Mã Đơn Vị (*) | B5: LƯU Ý QUAN TRỌNG VỀ CẤP ĐƠN VỊ GIAO KẾ HOẠCH: - Nhóm BCCP/TCBC/PPBL/PHBC: Điền Mã Bưu cục (6 số), VD: 472400 - Nhóm HCC: Điền Mã Xã (4 số), VD: 4701 (Hoặc điền mã bưu cục nếu giao kế hoạch cấp bưu cục) - Nhóm PHBC: Có thể giao theo Mã Cụm (bắt đầu bằng CUM_), VD: CUM_VINH
A6: Kế Hoạch Doanh Thu | B6: Mục tiêu doanh thu cả năm (VNĐ). Hệ thống sẽ tự động phân bổ ra 12 tháng theo tỷ lệ mùa vụ bưu điện. Dữ liệu kiểu Số.
A7: Kế Hoạch Sản Lượng | B7: Mục tiêu sản lượng (cái/kiện). Dữ liệu kiểu Số.

Sheet Ref_BuuCuc
A1: Mã bưu cục | B1: Tên bưu cục
A2: 4600 | B2: Đại diện Bưu điện xã Diễn Châu
A3: 460000 | B3: 460000 - Vinh
A4: 4601 | B4: Đại diện Bưu điện xã Minh Châu
A5: 4602 | B5: Đại diện Bưu điện xã Nghĩa Đàn
A6: 4603 | B6: Đại diện Bưu điện xã Nghĩa Thọ
A7: 4604 | B7: Đại diện Bưu điện xã Nghĩa Lâm
A8: 4605 | B8: Đại diện Bưu điện xã Nghĩa Mai
A9: 4606 | B9: Đại diện Bưu điện xã Nghĩa Hưng
A10: 4607 | B10: Đại diện Bưu điện xã Nghĩa Khánh
A11: 4608 | B11: Đại diện Bưu điện xã Nghĩa Lộc
A12: 460900 | B12: 460900 - Hệ 1 Nghệ An
... A781: CUM_YENTHANH | B781: Đại diện Cụm Yên Thành

Sheet Ref_NhomChinh
A1: Nhóm chính
A2: BCCP
A3: HCC
A4: PPBL
A5: TCBC
